Seed,Fold,Baseline,Topk,Explainer,Lambda_1,Lambda_2,Accuracy,Comprehensiveness,Cross Entropy,Log Odds,Sufficiency
42,3,Average,0.1,deep_lift,1.0,1.0,0.815,0.1057,0.4479,-0.169,0.07393
42,3,Average,0.1,dyna_mask,1.0,1.0,0.5,0.2503,0.7885,-0.5097,-0.02105
42,3,Average,0.1,extremal_mask,1.0,1.0,0.385,0.321,0.9601,-0.6813,-0.1146
42,3,Average,0.1,fit,1.0,1.0,0.905,0.03787,0.3463,-0.06747,0.1506
42,3,Average,0.1,gradient_shap,1.0,1.0,0.805,0.12,0.473,-0.1942,0.0596
42,3,Average,0.1,integrated_gradients,1.0,1.0,0.815,0.1077,0.4518,-0.173,0.07044
42,3,Average,0.1,lime,1.0,1.0,0.84,0.09615,0.4339,-0.155,0.08666
42,3,Average,0.1,augmented_occlusion,1.0,1.0,0.8,0.1072,0.4565,-0.1777,0.07368
42,3,Average,0.1,occlusion,1.0,1.0,0.835,0.1139,0.4625,-0.1836,0.06478
42,3,Average,0.1,retain,1.0,1.0,0.91,0.03432,0.3404,-0.06151,0.1543
42,3,Average,0.2,deep_lift,1.0,1.0,0.685,0.1743,0.5807,-0.3018,0.02073
42,3,Average,0.2,dyna_mask,1.0,1.0,0.395,0.3329,1.087,-0.8079,-0.05881
42,3,Average,0.2,extremal_mask,1.0,1.0,0.415,0.3204,0.9579,-0.679,-0.1115
42,3,Average,0.2,fit,1.0,1.0,0.845,0.07833,0.4153,-0.1365,0.1043
42,3,Average,0.2,gradient_shap,1.0,1.0,0.685,0.1667,0.5681,-0.2892,0.02942
42,3,Average,0.2,integrated_gradients,1.0,1.0,0.69,0.1728,0.5774,-0.2985,0.02017
42,3,Average,0.2,lime,1.0,1.0,0.765,0.1311,0.5043,-0.2255,0.04869
42,3,Average,0.2,augmented_occlusion,1.0,1.0,0.72,0.1453,0.5398,-0.2609,0.04557
42,3,Average,0.2,occlusion,1.0,1.0,0.68,0.1705,0.5774,-0.2986,0.02323
42,3,Average,0.2,retain,1.0,1.0,0.89,0.04965,0.3734,-0.09449,0.1402
42,3,Average,0.3,deep_lift,1.0,1.0,0.675,0.1924,0.6139,-0.335,0.008576
42,3,Average,0.3,dyna_mask,1.0,1.0,0.395,0.3457,1.171,-0.8925,-0.05943
42,3,Average,0.3,extremal_mask,1.0,1.0,0.45,0.3041,0.9186,-0.6397,-0.0989
42,3,Average,0.3,fit,1.0,1.0,0.78,0.1118,0.476,-0.1972,0.07258
42,3,Average,0.3,gradient_shap,1.0,1.0,0.65,0.1829,0.6006,-0.3218,0.01646
42,3,Average,0.3,integrated_gradients,1.0,1.0,0.67,0.192,0.6172,-0.3384,0.01021
42,3,Average,0.3,lime,1.0,1.0,0.745,0.1444,0.5373,-0.2585,0.03602
42,3,Average,0.3,augmented_occlusion,1.0,1.0,0.675,0.1647,0.5794,-0.3005,0.02856
42,3,Average,0.3,occlusion,1.0,1.0,0.64,0.1921,0.6184,-0.3396,0.01148
42,3,Average,0.3,retain,1.0,1.0,0.875,0.07726,0.4156,-0.1368,0.1056
42,3,Average,0.4,deep_lift,1.0,1.0,0.635,0.2039,0.6396,-0.3608,0.005195
42,3,Average,0.4,dyna_mask,1.0,1.0,0.395,0.3481,1.18,-0.9012,-0.06215
42,3,Average,0.4,extremal_mask,1.0,1.0,0.505,0.2818,0.8516,-0.5728,-0.09187
42,3,Average,0.4,fit,1.0,1.0,0.755,0.1248,0.4911,-0.2123,0.06115
42,3,Average,0.4,gradient_shap,1.0,1.0,0.645,0.1967,0.6315,-0.3526,0.009043
42,3,Average,0.4,integrated_gradients,1.0,1.0,0.645,0.2009,0.6343,-0.3555,0.006665
42,3,Average,0.4,lime,1.0,1.0,0.705,0.16,0.5724,-0.2936,0.03433
42,3,Average,0.4,augmented_occlusion,1.0,1.0,0.63,0.1842,0.6169,-0.338,0.01872
42,3,Average,0.4,occlusion,1.0,1.0,0.64,0.1969,0.6224,-0.3435,0.006699
42,3,Average,0.4,retain,1.0,1.0,0.81,0.1016,0.4553,-0.1764,0.08688
42,3,Average,0.5,deep_lift,1.0,1.0,0.63,0.205,0.6447,-0.3659,0.002624
42,3,Average,0.5,dyna_mask,1.0,1.0,0.39,0.3475,1.179,-0.9003,-0.06116
42,3,Average,0.5,extremal_mask,1.0,1.0,0.54,0.2599,0.7899,-0.5111,-0.08935
42,3,Average,0.5,fit,1.0,1.0,0.725,0.1417,0.5238,-0.245,0.04948
42,3,Average,0.5,gradient_shap,1.0,1.0,0.605,0.2008,0.6391,-0.3602,0.009133
42,3,Average,0.5,integrated_gradients,1.0,1.0,0.615,0.2067,0.6477,-0.3688,0.0022
42,3,Average,0.5,lime,1.0,1.0,0.7,0.1815,0.611,-0.3321,0.03505
42,3,Average,0.5,augmented_occlusion,1.0,1.0,0.64,0.1919,0.6308,-0.352,0.01219
42,3,Average,0.5,occlusion,1.0,1.0,0.615,0.2031,0.6354,-0.3565,-0.001141
42,3,Average,0.5,retain,1.0,1.0,0.785,0.1182,0.4795,-0.2007,0.06664
42,3,Average,0.6,deep_lift,1.0,1.0,0.615,0.2053,0.6397,-0.3608,0.003478
42,3,Average,0.6,dyna_mask,1.0,1.0,0.395,0.3467,1.177,-0.8981,-0.06121
42,3,Average,0.6,extremal_mask,1.0,1.0,0.56,0.2523,0.7693,-0.4904,-0.08837
42,3,Average,0.6,fit,1.0,1.0,0.7,0.1532,0.5496,-0.2707,0.03531
42,3,Average,0.6,gradient_shap,1.0,1.0,0.635,0.2068,0.6496,-0.3707,0.002163
42,3,Average,0.6,integrated_gradients,1.0,1.0,0.61,0.2044,0.6417,-0.3628,0.003204
42,3,Average,0.6,lime,1.0,1.0,0.66,0.1883,0.6227,-0.3438,0.03165
42,3,Average,0.6,augmented_occlusion,1.0,1.0,0.62,0.197,0.6436,-0.3647,0.006354
42,3,Average,0.6,occlusion,1.0,1.0,0.62,0.2046,0.6353,-0.3565,-0.001363
42,3,Average,0.6,retain,1.0,1.0,0.75,0.1427,0.5251,-0.2463,0.04739
42,3,Zeros,0.1,deep_lift,1.0,1.0,0.775,0.1221,0.4805,-0.2017,0.1324
42,3,Zeros,0.1,dyna_mask,1.0,1.0,0.405,0.3099,0.9196,-0.6408,-0.01112
42,3,Zeros,0.1,extremal_mask,1.0,1.0,0.22,0.4278,1.227,-0.9484,-0.1447
42,3,Zeros,0.1,fit,1.0,1.0,0.92,0.04747,0.3559,-0.07704,0.2156
42,3,Zeros,0.1,gradient_shap,1.0,1.0,0.76,0.1398,0.5085,-0.2296,0.113
42,3,Zeros,0.1,integrated_gradients,1.0,1.0,0.78,0.125,0.486,-0.2071,0.1259
42,3,Zeros,0.1,lime,1.0,1.0,0.815,0.1097,0.4539,-0.175,0.1405
42,3,Zeros,0.1,augmented_occlusion,1.0,1.0,0.805,0.1254,0.4805,-0.2016,0.1218
42,3,Zeros,0.1,occlusion,1.0,1.0,0.79,0.1341,0.5001,-0.2213,0.1169
42,3,Zeros,0.1,retain,1.0,1.0,0.91,0.03908,0.3499,-0.07108,0.2218
42,3,Zeros,0.2,deep_lift,1.0,1.0,0.665,0.198,0.6172,-0.3384,0.0688
42,3,Zeros,0.2,dyna_mask,1.0,1.0,0.35,0.3837,1.186,-0.9076,-0.04842
42,3,Zeros,0.2,extremal_mask,1.0,1.0,0.2,0.4306,1.231,-0.9526,-0.1408
42,3,Zeros,0.2,fit,1.0,1.0,0.815,0.09875,0.4389,-0.16,0.1556
42,3,Zeros,0.2,gradient_shap,1.0,1.0,0.655,0.1893,0.6018,-0.323,0.07507
42,3,Zeros,0.2,integrated_gradients,1.0,1.0,0.67,0.1972,0.6153,-0.3365,0.06905
42,3,Zeros,0.2,lime,1.0,1.0,0.76,0.1452,0.5218,-0.243,0.1074
42,3,Zeros,0.2,augmented_occlusion,1.0,1.0,0.705,0.1713,0.5628,-0.2839,0.0861
42,3,Zeros,0.2,occlusion,1.0,1.0,0.67,0.1923,0.6088,-0.33,0.07059
42,3,Zeros,0.2,retain,1.0,1.0,0.86,0.05867,0.3879,-0.109,0.2033
42,3,Zeros,0.3,deep_lift,1.0,1.0,0.645,0.2238,0.66,-0.3811,0.05013
42,3,Zeros,0.3,dyna_mask,1.0,1.0,0.335,0.3955,1.243,-0.9644,-0.05138
42,3,Zeros,0.3,extremal_mask,1.0,1.0,0.22,0.4107,1.156,-0.8772,-0.1259
42,3,Zeros,0.3,fit,1.0,1.0,0.735,0.1492,0.5218,-0.2429,0.1077
42,3,Zeros,0.3,gradient_shap,1.0,1.0,0.65,0.2059,0.6237,-0.3449,0.05988
42,3,Zeros,0.3,integrated_gradients,1.0,1.0,0.67,0.2238,0.661,-0.3821,0.05333
42,3,Zeros,0.3,lime,1.0,1.0,0.73,0.1608,0.5527,-0.2738,0.09245
42,3,Zeros,0.3,augmented_occlusion,1.0,1.0,0.655,0.1944,0.6104,-0.3316,0.06862
42,3,Zeros,0.3,occlusion,1.0,1.0,0.63,0.2188,0.6507,-0.3719,0.05142
42,3,Zeros,0.3,retain,1.0,1.0,0.8,0.09795,0.4465,-0.1677,0.1583
42,3,Zeros,0.4,deep_lift,1.0,1.0,0.575,0.2408,0.692,-0.4132,0.04009
42,3,Zeros,0.4,dyna_mask,1.0,1.0,0.33,0.3972,1.247,-0.9685,-0.05383
42,3,Zeros,0.4,extremal_mask,1.0,1.0,0.255,0.3882,1.06,-0.7813,-0.118
42,3,Zeros,0.4,fit,1.0,1.0,0.715,0.1678,0.545,-0.2661,0.08594
42,3,Zeros,0.4,gradient_shap,1.0,1.0,0.625,0.2272,0.6543,-0.3755,0.04616
42,3,Zeros,0.4,integrated_gradients,1.0,1.0,0.555,0.2371,0.6806,-0.4017,0.03921
42,3,Zeros,0.4,lime,1.0,1.0,0.685,0.1834,0.5928,-0.3139,0.08773
42,3,Zeros,0.4,augmented_occlusion,1.0,1.0,0.63,0.2101,0.6361,-0.3572,0.06008
42,3,Zeros,0.4,occlusion,1.0,1.0,0.575,0.2324,0.6706,-0.3917,0.04342
42,3,Zeros,0.4,retain,1.0,1.0,0.755,0.1347,0.5093,-0.2305,0.1197
42,3,Zeros,0.5,deep_lift,1.0,1.0,0.525,0.2537,0.702,-0.4232,0.02964
42,3,Zeros,0.5,dyna_mask,1.0,1.0,0.335,0.3968,1.247,-0.9681,-0.05276
42,3,Zeros,0.5,extremal_mask,1.0,1.0,0.315,0.3616,0.9737,-0.6948,-0.1144
42,3,Zeros,0.5,fit,1.0,1.0,0.69,0.1905,0.583,-0.3042,0.06821
42,3,Zeros,0.5,gradient_shap,1.0,1.0,0.56,0.2392,0.6633,-0.3844,0.03503
42,3,Zeros,0.5,integrated_gradients,1.0,1.0,0.52,0.2549,0.7004,-0.4215,0.02647
42,3,Zeros,0.5,lime,1.0,1.0,0.595,0.2462,0.6627,-0.3839,0.08127
42,3,Zeros,0.5,augmented_occlusion,1.0,1.0,0.605,0.2213,0.6482,-0.3693,0.04693
42,3,Zeros,0.5,occlusion,1.0,1.0,0.555,0.2472,0.6854,-0.4065,0.02549
42,3,Zeros,0.5,retain,1.0,1.0,0.745,0.1538,0.5246,-0.2458,0.094
42,3,Zeros,0.6,deep_lift,1.0,1.0,0.49,0.2652,0.7068,-0.4279,0.02174
42,3,Zeros,0.6,dyna_mask,1.0,1.0,0.34,0.3963,1.245,-0.9665,-0.05321
42,3,Zeros,0.6,extremal_mask,1.0,1.0,0.34,0.3493,0.9377,-0.6588,-0.1138
42,3,Zeros,0.6,fit,1.0,1.0,0.7,0.204,0.602,-0.3232,0.05556
42,3,Zeros,0.6,gradient_shap,1.0,1.0,0.58,0.2519,0.6768,-0.398,0.02211
42,3,Zeros,0.6,integrated_gradients,1.0,1.0,0.52,0.2657,0.7076,-0.4288,0.01683
42,3,Zeros,0.6,lime,1.0,1.0,0.505,0.2679,0.6889,-0.4101,0.06936
42,3,Zeros,0.6,augmented_occlusion,1.0,1.0,0.56,0.2357,0.669,-0.3902,0.03628
42,3,Zeros,0.6,occlusion,1.0,1.0,0.525,0.2583,0.6932,-0.4144,0.01508
42,3,Zeros,0.6,retain,1.0,1.0,0.67,0.1834,0.5679,-0.2891,0.07248
42,0,Average,0.1,deep_lift,1.0,1.0,0.85,0.09637,0.4279,-0.1547,0.09118
42,0,Average,0.1,dyna_mask,1.0,1.0,0.535,0.2347,0.7497,-0.4766,-0.01819
42,0,Average,0.1,extremal_mask,1.0,1.0,0.34,0.3622,1.035,-0.7621,-0.1386
42,0,Average,0.1,fit,1.0,1.0,0.945,0.01781,0.3067,-0.03354,0.1631
42,0,Average,0.1,gradient_shap,1.0,1.0,0.815,0.1142,0.4595,-0.1864,0.07134
42,0,Average,0.1,integrated_gradients,1.0,1.0,0.845,0.1051,0.4411,-0.1679,0.08152
42,0,Average,0.1,lime,1.0,1.0,0.855,0.06633,0.3849,-0.1118,0.1074
42,0,Average,0.1,augmented_occlusion,1.0,1.0,0.815,0.1024,0.4439,-0.1708,0.07814
42,0,Average,0.1,occlusion,1.0,1.0,0.825,0.109,0.4487,-0.1755,0.07917
42,0,Average,0.1,retain,1.0,1.0,0.9,0.03791,0.3386,-0.06547,0.1527
42,0,Average,0.2,deep_lift,1.0,1.0,0.74,0.1571,0.5338,-0.2606,0.04613
42,0,Average,0.2,dyna_mask,1.0,1.0,0.42,0.3157,1.026,-0.7524,-0.0433
42,0,Average,0.2,extremal_mask,1.0,1.0,0.35,0.3613,1.031,-0.758,-0.1365
42,0,Average,0.2,fit,1.0,1.0,0.9,0.04249,0.3446,-0.07141,0.1323
42,0,Average,0.2,gradient_shap,1.0,1.0,0.72,0.1641,0.5504,-0.2772,0.04145
42,0,Average,0.2,integrated_gradients,1.0,1.0,0.735,0.157,0.5337,-0.2605,0.0507
42,0,Average,0.2,lime,1.0,1.0,0.825,0.09399,0.4301,-0.157,0.07963
42,0,Average,0.2,augmented_occlusion,1.0,1.0,0.735,0.1489,0.5268,-0.2537,0.04801
42,0,Average,0.2,occlusion,1.0,1.0,0.75,0.1575,0.5381,-0.2649,0.04581
42,0,Average,0.2,retain,1.0,1.0,0.84,0.07122,0.3912,-0.118,0.1136
42,0,Average,0.3,deep_lift,1.0,1.0,0.66,0.1823,0.5914,-0.3183,0.02275
42,0,Average,0.3,dyna_mask,1.0,1.0,0.42,0.3308,1.107,-0.8334,-0.05008
42,0,Average,0.3,extremal_mask,1.0,1.0,0.365,0.346,0.9877,-0.7146,-0.1268
42,0,Average,0.3,fit,1.0,1.0,0.875,0.06484,0.3767,-0.1036,0.1044
42,0,Average,0.3,gradient_shap,1.0,1.0,0.695,0.1863,0.5961,-0.323,0.02001
42,0,Average,0.3,integrated_gradients,1.0,1.0,0.645,0.1814,0.5929,-0.3198,0.02652
42,0,Average,0.3,lime,1.0,1.0,0.8,0.1014,0.4437,-0.1706,0.07323
42,0,Average,0.3,augmented_occlusion,1.0,1.0,0.725,0.1568,0.5472,-0.274,0.04133
42,0,Average,0.3,occlusion,1.0,1.0,0.71,0.1757,0.5817,-0.3085,0.03084
42,0,Average,0.3,retain,1.0,1.0,0.8,0.09786,0.431,-0.1579,0.09048
42,0,Average,0.4,deep_lift,1.0,1.0,0.655,0.1943,0.6169,-0.3437,0.0131
42,0,Average,0.4,dyna_mask,1.0,1.0,0.42,0.3304,1.105,-0.8322,-0.05017
42,0,Average,0.4,extremal_mask,1.0,1.0,0.425,0.3192,0.932,-0.6589,-0.1224
42,0,Average,0.4,fit,1.0,1.0,0.83,0.0945,0.4324,-0.1592,0.07417
42,0,Average,0.4,gradient_shap,1.0,1.0,0.66,0.1944,0.6155,-0.3424,0.01109
42,0,Average,0.4,integrated_gradients,1.0,1.0,0.67,0.1931,0.616,-0.3429,0.0159
42,0,Average,0.4,lime,1.0,1.0,0.745,0.1269,0.4868,-0.2137,0.06983
42,0,Average,0.4,augmented_occlusion,1.0,1.0,0.695,0.1729,0.581,-0.3078,0.02978
42,0,Average,0.4,occlusion,1.0,1.0,0.705,0.1837,0.5993,-0.3262,0.02097
42,0,Average,0.4,retain,1.0,1.0,0.785,0.1216,0.4734,-0.2003,0.06669
42,0,Average,0.5,deep_lift,1.0,1.0,0.67,0.1871,0.6038,-0.3307,0.0111
42,0,Average,0.5,dyna_mask,1.0,1.0,0.41,0.3321,1.108,-0.8347,-0.05159
42,0,Average,0.5,extremal_mask,1.0,1.0,0.475,0.2752,0.8224,-0.5492,-0.114
42,0,Average,0.5,fit,1.0,1.0,0.785,0.1163,0.4703,-0.1972,0.0573
42,0,Average,0.5,gradient_shap,1.0,1.0,0.67,0.1929,0.6066,-0.3334,0.007951
42,0,Average,0.5,integrated_gradients,1.0,1.0,0.66,0.1902,0.6053,-0.3322,0.01152
42,0,Average,0.5,lime,1.0,1.0,0.645,0.1814,0.6025,-0.3294,0.06109
42,0,Average,0.5,augmented_occlusion,1.0,1.0,0.715,0.181,0.6076,-0.3345,0.01934
42,0,Average,0.5,occlusion,1.0,1.0,0.695,0.1843,0.6084,-0.3353,0.01273
42,0,Average,0.5,retain,1.0,1.0,0.78,0.1315,0.4923,-0.2192,0.05563
42,0,Average,0.6,deep_lift,1.0,1.0,0.675,0.1845,0.593,-0.3199,0.008008
42,0,Average,0.6,dyna_mask,1.0,1.0,0.41,0.333,1.108,-0.8351,-0.05246
42,0,Average,0.6,extremal_mask,1.0,1.0,0.49,0.2668,0.799,-0.5259,-0.1132
42,0,Average,0.6,fit,1.0,1.0,0.755,0.1255,0.4867,-0.2135,0.05156
42,0,Average,0.6,gradient_shap,1.0,1.0,0.685,0.1824,0.5876,-0.3144,0.009706
42,0,Average,0.6,integrated_gradients,1.0,1.0,0.64,0.1874,0.5979,-0.3248,0.009581
42,0,Average,0.6,lime,1.0,1.0,0.63,0.1824,0.602,-0.3288,0.06064
42,0,Average,0.6,augmented_occlusion,1.0,1.0,0.705,0.1777,0.6033,-0.3301,0.01444
42,0,Average,0.6,occlusion,1.0,1.0,0.665,0.182,0.597,-0.3239,0.008406
42,0,Average,0.6,retain,1.0,1.0,0.735,0.1424,0.5096,-0.2365,0.03962
42,0,Zeros,0.1,deep_lift,1.0,1.0,0.84,0.1079,0.4476,-0.1744,0.1674
42,0,Zeros,0.1,dyna_mask,1.0,1.0,0.49,0.2824,0.8421,-0.5689,-0.002747
42,0,Zeros,0.1,extremal_mask,1.0,1.0,0.11,0.4538,1.229,-0.9563,-0.1553
42,0,Zeros,0.1,fit,1.0,1.0,0.95,0.02756,0.3164,-0.04325,0.2409
42,0,Zeros,0.1,gradient_shap,1.0,1.0,0.815,0.1288,0.4806,-0.2075,0.1401
42,0,Zeros,0.1,integrated_gradients,1.0,1.0,0.835,0.118,0.464,-0.1909,0.1556
42,0,Zeros,0.1,lime,1.0,1.0,0.86,0.0706,0.3869,-0.1137,0.1902
42,0,Zeros,0.1,augmented_occlusion,1.0,1.0,0.8,0.1223,0.473,-0.1999,0.1514
42,0,Zeros,0.1,occlusion,1.0,1.0,0.82,0.1255,0.4742,-0.2011,0.1507
42,0,Zeros,0.1,retain,1.0,1.0,0.885,0.04593,0.3512,-0.07805,0.2467
42,0,Zeros,0.2,deep_lift,1.0,1.0,0.675,0.1814,0.5819,-0.3087,0.1095
42,0,Zeros,0.2,dyna_mask,1.0,1.0,0.39,0.3538,1.09,-0.8172,-0.02657
42,0,Zeros,0.2,extremal_mask,1.0,1.0,0.1,0.4606,1.242,-0.9685,-0.1533
42,0,Zeros,0.2,fit,1.0,1.0,0.905,0.06042,0.3653,-0.09217,0.1943
42,0,Zeros,0.2,gradient_shap,1.0,1.0,0.66,0.1945,0.6088,-0.3357,0.1
42,0,Zeros,0.2,integrated_gradients,1.0,1.0,0.665,0.1798,0.5789,-0.3058,0.1141
42,0,Zeros,0.2,lime,1.0,1.0,0.79,0.1076,0.4468,-0.1737,0.154
42,0,Zeros,0.2,augmented_occlusion,1.0,1.0,0.68,0.1863,0.5862,-0.3131,0.112
42,0,Zeros,0.2,occlusion,1.0,1.0,0.705,0.1825,0.5868,-0.3136,0.1042
42,0,Zeros,0.2,retain,1.0,1.0,0.82,0.08589,0.4118,-0.1387,0.1935
42,0,Zeros,0.3,deep_lift,1.0,1.0,0.63,0.2131,0.6444,-0.3713,0.07752
42,0,Zeros,0.3,dyna_mask,1.0,1.0,0.38,0.3651,1.131,-0.8581,-0.03138
42,0,Zeros,0.3,extremal_mask,1.0,1.0,0.08,0.4494,1.193,-0.9198,-0.1435
42,0,Zeros,0.3,fit,1.0,1.0,0.895,0.09269,0.4087,-0.1355,0.1503
42,0,Zeros,0.3,gradient_shap,1.0,1.0,0.63,0.2268,0.6713,-0.3982,0.07038
42,0,Zeros,0.3,integrated_gradients,1.0,1.0,0.62,0.2159,0.6555,-0.3824,0.0833
42,0,Zeros,0.3,lime,1.0,1.0,0.8,0.1127,0.4569,-0.1838,0.1448
42,0,Zeros,0.3,augmented_occlusion,1.0,1.0,0.685,0.196,0.6089,-0.3358,0.09383
42,0,Zeros,0.3,occlusion,1.0,1.0,0.64,0.2085,0.6368,-0.3636,0.07963
42,0,Zeros,0.3,retain,1.0,1.0,0.75,0.1163,0.4592,-0.186,0.1468
42,0,Zeros,0.4,deep_lift,1.0,1.0,0.56,0.2364,0.6871,-0.414,0.05549
42,0,Zeros,0.4,dyna_mask,1.0,1.0,0.38,0.3652,1.129,-0.8557,-0.03145
42,0,Zeros,0.4,extremal_mask,1.0,1.0,0.175,0.4145,1.092,-0.8189,-0.1367
42,0,Zeros,0.4,fit,1.0,1.0,0.805,0.1361,0.4795,-0.2063,0.1105
42,0,Zeros,0.4,gradient_shap,1.0,1.0,0.565,0.2473,0.7086,-0.4354,0.0504
42,0,Zeros,0.4,integrated_gradients,1.0,1.0,0.58,0.2345,0.6887,-0.4156,0.06078
42,0,Zeros,0.4,lime,1.0,1.0,0.745,0.1459,0.506,-0.2328,0.137
42,0,Zeros,0.4,augmented_occlusion,1.0,1.0,0.64,0.2195,0.6568,-0.3837,0.07163
42,0,Zeros,0.4,occlusion,1.0,1.0,0.6,0.2244,0.6619,-0.3887,0.06132
42,0,Zeros,0.4,retain,1.0,1.0,0.7,0.1543,0.5242,-0.2511,0.1064
42,0,Zeros,0.5,deep_lift,1.0,1.0,0.605,0.2392,0.6842,-0.411,0.04098
42,0,Zeros,0.5,dyna_mask,1.0,1.0,0.38,0.3671,1.131,-0.8578,-0.03303
42,0,Zeros,0.5,extremal_mask,1.0,1.0,0.31,0.3708,0.9611,-0.688,-0.1289
42,0,Zeros,0.5,fit,1.0,1.0,0.765,0.1641,0.5245,-0.2514,0.0832
42,0,Zeros,0.5,gradient_shap,1.0,1.0,0.585,0.2536,0.7031,-0.43,0.03263
42,0,Zeros,0.5,integrated_gradients,1.0,1.0,0.59,0.2455,0.6947,-0.4216,0.04085
42,0,Zeros,0.5,lime,1.0,1.0,0.575,0.2397,0.6452,-0.372,0.123
42,0,Zeros,0.5,augmented_occlusion,1.0,1.0,0.6,0.2301,0.6753,-0.4022,0.05912
42,0,Zeros,0.5,occlusion,1.0,1.0,0.6,0.2385,0.6851,-0.4119,0.04087
42,0,Zeros,0.5,retain,1.0,1.0,0.705,0.1683,0.5427,-0.2696,0.08972
42,0,Zeros,0.6,deep_lift,1.0,1.0,0.595,0.2529,0.6922,-0.419,0.02506
42,0,Zeros,0.6,dyna_mask,1.0,1.0,0.38,0.3676,1.13,-0.8564,-0.03308
42,0,Zeros,0.6,extremal_mask,1.0,1.0,0.34,0.3587,0.9295,-0.6564,-0.1275
42,0,Zeros,0.6,fit,1.0,1.0,0.755,0.1823,0.5505,-0.2774,0.0663
42,0,Zeros,0.6,gradient_shap,1.0,1.0,0.57,0.2543,0.6955,-0.4223,0.02544
42,0,Zeros,0.6,integrated_gradients,1.0,1.0,0.58,0.2571,0.7011,-0.428,0.0292
42,0,Zeros,0.6,lime,1.0,1.0,0.57,0.27,0.6829,-0.4097,0.1085
42,0,Zeros,0.6,augmented_occlusion,1.0,1.0,0.58,0.2391,0.6858,-0.4126,0.04112
42,0,Zeros,0.6,occlusion,1.0,1.0,0.615,0.2523,0.6922,-0.419,0.02714
42,0,Zeros,0.6,retain,1.0,1.0,0.665,0.1941,0.579,-0.3058,0.06207
42,2,Average,0.1,deep_lift,1.0,1.0,0.75,0.1468,0.4977,-0.2417,0.0499
42,2,Average,0.1,dyna_mask,1.0,1.0,0.54,0.2575,0.7879,-0.532,-0.01041
42,2,Average,0.1,extremal_mask,1.0,1.0,0.31,0.3673,1.036,-0.7803,-0.1184
42,2,Average,0.1,fit,1.0,1.0,0.91,0.02871,0.3128,-0.0569,0.1745
42,2,Average,0.1,gradient_shap,1.0,1.0,0.74,0.1487,0.5004,-0.2445,0.04401
42,2,Average,0.1,integrated_gradients,1.0,1.0,0.74,0.1478,0.5005,-0.2446,0.04638
42,2,Average,0.1,lime,1.0,1.0,0.805,0.1099,0.4353,-0.1794,0.07307
42,2,Average,0.1,augmented_occlusion,1.0,1.0,0.77,0.1327,0.483,-0.2271,0.063
42,2,Average,0.1,occlusion,1.0,1.0,0.735,0.1501,0.4992,-0.2432,0.04764
42,2,Average,0.1,retain,1.0,1.0,0.88,0.05692,0.3468,-0.09083,0.1479
42,2,Average,0.2,deep_lift,1.0,1.0,0.665,0.1898,0.5737,-0.3177,0.01071
42,2,Average,0.2,dyna_mask,1.0,1.0,0.445,0.3312,1.045,-0.7888,-0.04204
42,2,Average,0.2,extremal_mask,1.0,1.0,0.31,0.3641,1.033,-0.7772,-0.1184
42,2,Average,0.2,fit,1.0,1.0,0.86,0.06483,0.3711,-0.1152,0.1294
42,2,Average,0.2,gradient_shap,1.0,1.0,0.665,0.1876,0.5712,-0.3152,0.008503
42,2,Average,0.2,integrated_gradients,1.0,1.0,0.68,0.1893,0.5723,-0.3163,0.01187
42,2,Average,0.2,lime,1.0,1.0,0.71,0.1538,0.5179,-0.262,0.03688
42,2,Average,0.2,augmented_occlusion,1.0,1.0,0.71,0.1694,0.5436,-0.2877,0.02747
42,2,Average,0.2,occlusion,1.0,1.0,0.69,0.1893,0.5688,-0.3129,0.01287
42,2,Average,0.2,retain,1.0,1.0,0.8,0.09905,0.4221,-0.1661,0.1161
42,2,Average,0.3,deep_lift,1.0,1.0,0.66,0.2016,0.6027,-0.3468,-0.003613
42,2,Average,0.3,dyna_mask,1.0,1.0,0.405,0.3581,1.188,-0.9317,-0.05357
42,2,Average,0.3,extremal_mask,1.0,1.0,0.325,0.3496,1.0,-0.7442,-0.1142
42,2,Average,0.3,fit,1.0,1.0,0.8,0.1005,0.4316,-0.1757,0.09039
42,2,Average,0.3,gradient_shap,1.0,1.0,0.65,0.196,0.5936,-0.3377,0.001151
42,2,Average,0.3,integrated_gradients,1.0,1.0,0.665,0.2019,0.6023,-0.3463,-0.003219
42,2,Average,0.3,lime,1.0,1.0,0.71,0.1634,0.5328,-0.2768,0.02386
42,2,Average,0.3,augmented_occlusion,1.0,1.0,0.7,0.1941,0.5877,-0.3318,0.003574
42,2,Average,0.3,occlusion,1.0,1.0,0.66,0.2057,0.6047,-0.3488,0.0003414
42,2,Average,0.3,retain,1.0,1.0,0.795,0.1211,0.4564,-0.2005,0.09609
42,2,Average,0.4,deep_lift,1.0,1.0,0.65,0.2091,0.6143,-0.3584,-0.009958
42,2,Average,0.4,dyna_mask,1.0,1.0,0.395,0.3622,1.211,-0.9552,-0.05526
42,2,Average,0.4,extremal_mask,1.0,1.0,0.39,0.3208,0.9251,-0.6692,-0.1042
42,2,Average,0.4,fit,1.0,1.0,0.745,0.1256,0.4838,-0.2279,0.06727
42,2,Average,0.4,gradient_shap,1.0,1.0,0.66,0.2103,0.6285,-0.3726,-0.006895
42,2,Average,0.4,integrated_gradients,1.0,1.0,0.675,0.2078,0.6162,-0.3603,-0.007336
42,2,Average,0.4,lime,1.0,1.0,0.705,0.166,0.5408,-0.2849,0.02458
42,2,Average,0.4,augmented_occlusion,1.0,1.0,0.65,0.2063,0.614,-0.3581,-0.004924
42,2,Average,0.4,occlusion,1.0,1.0,0.665,0.2139,0.6212,-0.3652,-0.006866
42,2,Average,0.4,retain,1.0,1.0,0.78,0.1403,0.4896,-0.2336,0.0631
42,2,Average,0.5,deep_lift,1.0,1.0,0.65,0.2146,0.6352,-0.3793,-0.01043
42,2,Average,0.5,dyna_mask,1.0,1.0,0.395,0.3609,1.211,-0.9553,-0.05475
42,2,Average,0.5,extremal_mask,1.0,1.0,0.485,0.289,0.8349,-0.579,-0.09755
42,2,Average,0.5,fit,1.0,1.0,0.73,0.1428,0.5105,-0.2545,0.05222
42,2,Average,0.5,gradient_shap,1.0,1.0,0.64,0.2118,0.6391,-0.3832,-0.007226
42,2,Average,0.5,integrated_gradients,1.0,1.0,0.64,0.2113,0.6278,-0.3718,-0.006948
42,2,Average,0.5,lime,1.0,1.0,0.735,0.1834,0.5898,-0.3339,0.02158
42,2,Average,0.5,augmented_occlusion,1.0,1.0,0.65,0.2066,0.6201,-0.3642,-0.009583
42,2,Average,0.5,occlusion,1.0,1.0,0.655,0.2205,0.6403,-0.3843,-0.01095
42,2,Average,0.5,retain,1.0,1.0,0.75,0.1561,0.5183,-0.2623,0.04894
42,2,Average,0.6,deep_lift,1.0,1.0,0.67,0.2156,0.6372,-0.3813,-0.007024
42,2,Average,0.6,dyna_mask,1.0,1.0,0.39,0.3628,1.216,-0.9597,-0.05649
42,2,Average,0.6,extremal_mask,1.0,1.0,0.54,0.2638,0.7768,-0.5209,-0.09229
42,2,Average,0.6,fit,1.0,1.0,0.715,0.1565,0.5407,-0.2847,0.03521
42,2,Average,0.6,gradient_shap,1.0,1.0,0.665,0.2126,0.6458,-0.3899,-0.005876
42,2,Average,0.6,integrated_gradients,1.0,1.0,0.66,0.2125,0.6313,-0.3754,-0.002689
42,2,Average,0.6,lime,1.0,1.0,0.695,0.1979,0.6339,-0.378,0.02326
42,2,Average,0.6,augmented_occlusion,1.0,1.0,0.69,0.2065,0.6276,-0.3717,-0.007109
42,2,Average,0.6,occlusion,1.0,1.0,0.655,0.2203,0.64,-0.3841,-0.007535
42,2,Average,0.6,retain,1.0,1.0,0.74,0.1706,0.548,-0.2921,0.03044
42,2,Zeros,0.1,deep_lift,1.0,1.0,0.7,0.1615,0.5189,-0.2629,0.1011
42,2,Zeros,0.1,dyna_mask,1.0,1.0,0.45,0.3168,0.9037,-0.6477,-0.006913
42,2,Zeros,0.1,extremal_mask,1.0,1.0,0.18,0.4546,1.248,-0.9919,-0.1402
42,2,Zeros,0.1,fit,1.0,1.0,0.92,0.03448,0.3149,-0.05899,0.2529
42,2,Zeros,0.1,gradient_shap,1.0,1.0,0.72,0.1692,0.5272,-0.2712,0.0861
42,2,Zeros,0.1,integrated_gradients,1.0,1.0,0.705,0.1656,0.5257,-0.2698,0.0935
42,2,Zeros,0.1,lime,1.0,1.0,0.77,0.1247,0.4568,-0.2009,0.1331
42,2,Zeros,0.1,augmented_occlusion,1.0,1.0,0.735,0.1603,0.5159,-0.2599,0.1088
42,2,Zeros,0.1,occlusion,1.0,1.0,0.7,0.1694,0.5275,-0.2716,0.09296
42,2,Zeros,0.1,retain,1.0,1.0,0.865,0.06623,0.3655,-0.1095,0.2215
42,2,Zeros,0.2,deep_lift,1.0,1.0,0.66,0.2216,0.6169,-0.361,0.04312
42,2,Zeros,0.2,dyna_mask,1.0,1.0,0.36,0.3934,1.162,-0.9065,-0.03893
42,2,Zeros,0.2,extremal_mask,1.0,1.0,0.17,0.4598,1.255,-0.999,-0.1407
42,2,Zeros,0.2,fit,1.0,1.0,0.86,0.08542,0.3967,-0.1407,0.1842
42,2,Zeros,0.2,gradient_shap,1.0,1.0,0.64,0.2223,0.6137,-0.3577,0.03521
42,2,Zeros,0.2,integrated_gradients,1.0,1.0,0.675,0.22,0.615,-0.3591,0.04396
42,2,Zeros,0.2,lime,1.0,1.0,0.68,0.1792,0.5476,-0.2916,0.07601
42,2,Zeros,0.2,augmented_occlusion,1.0,1.0,0.69,0.2122,0.5946,-0.3387,0.05633
42,2,Zeros,0.2,occlusion,1.0,1.0,0.675,0.2198,0.6072,-0.3512,0.04248
42,2,Zeros,0.2,retain,1.0,1.0,0.765,0.1149,0.4468,-0.1908,0.1768
42,2,Zeros,0.3,deep_lift,1.0,1.0,0.59,0.2395,0.6464,-0.3904,0.01729
42,2,Zeros,0.3,dyna_mask,1.0,1.0,0.345,0.4109,1.249,-0.9931,-0.05018
42,2,Zeros,0.3,extremal_mask,1.0,1.0,0.18,0.4465,1.197,-0.9408,-0.1345
42,2,Zeros,0.3,fit,1.0,1.0,0.765,0.1373,0.4767,-0.2207,0.1206
42,2,Zeros,0.3,gradient_shap,1.0,1.0,0.65,0.2377,0.6364,-0.3805,0.02527
42,2,Zeros,0.3,integrated_gradients,1.0,1.0,0.62,0.2398,0.6442,-0.3883,0.01781
42,2,Zeros,0.3,lime,1.0,1.0,0.685,0.1952,0.5657,-0.3097,0.05796
42,2,Zeros,0.3,augmented_occlusion,1.0,1.0,0.655,0.2358,0.6361,-0.3801,0.02676
42,2,Zeros,0.3,occlusion,1.0,1.0,0.61,0.2438,0.6475,-0.3915,0.01812
42,2,Zeros,0.3,retain,1.0,1.0,0.77,0.1467,0.4897,-0.2337,0.1416
42,2,Zeros,0.4,deep_lift,1.0,1.0,0.59,0.2536,0.6605,-0.4046,0.004002
42,2,Zeros,0.4,dyna_mask,1.0,1.0,0.355,0.4106,1.246,-0.9897,-0.05077
42,2,Zeros,0.4,extremal_mask,1.0,1.0,0.195,0.4218,1.11,-0.8542,-0.122
42,2,Zeros,0.4,fit,1.0,1.0,0.7,0.1709,0.535,-0.279,0.08977
42,2,Zeros,0.4,gradient_shap,1.0,1.0,0.57,0.2572,0.6701,-0.4141,0.0114
42,2,Zeros,0.4,integrated_gradients,1.0,1.0,0.605,0.2548,0.6632,-0.4072,0.004201
42,2,Zeros,0.4,lime,1.0,1.0,0.685,0.2089,0.5839,-0.328,0.05515
42,2,Zeros,0.4,augmented_occlusion,1.0,1.0,0.585,0.2562,0.6701,-0.4142,0.01004
42,2,Zeros,0.4,occlusion,1.0,1.0,0.575,0.2594,0.6714,-0.4154,0.004474
42,2,Zeros,0.4,retain,1.0,1.0,0.715,0.1768,0.531,-0.275,0.0941
42,2,Zeros,0.5,deep_lift,1.0,1.0,0.595,0.2635,0.6722,-0.4162,0.002006
42,2,Zeros,0.5,dyna_mask,1.0,1.0,0.355,0.4101,1.246,-0.9897,-0.05112
42,2,Zeros,0.5,extremal_mask,1.0,1.0,0.3,0.3838,0.9817,-0.7258,-0.1154
42,2,Zeros,0.5,fit,1.0,1.0,0.665,0.1988,0.5778,-0.3219,0.06434
42,2,Zeros,0.5,gradient_shap,1.0,1.0,0.6,0.2653,0.6781,-0.4221,0.006081
42,2,Zeros,0.5,integrated_gradients,1.0,1.0,0.575,0.2631,0.6713,-0.4154,0.003792
42,2,Zeros,0.5,lime,1.0,1.0,0.635,0.2495,0.6373,-0.3814,0.04941
42,2,Zeros,0.5,augmented_occlusion,1.0,1.0,0.585,0.2577,0.6671,-0.4112,0.0002913
42,2,Zeros,0.5,occlusion,1.0,1.0,0.55,0.274,0.6933,-0.4373,-0.003179
42,2,Zeros,0.5,retain,1.0,1.0,0.69,0.2033,0.5693,-0.3133,0.06875
42,2,Zeros,0.6,deep_lift,1.0,1.0,0.555,0.2739,0.6829,-0.427,-0.002221
42,2,Zeros,0.6,dyna_mask,1.0,1.0,0.355,0.4105,1.245,-0.9889,-0.0524
42,2,Zeros,0.6,extremal_mask,1.0,1.0,0.375,0.3571,0.906,-0.65,-0.1096
42,2,Zeros,0.6,fit,1.0,1.0,0.665,0.2206,0.6132,-0.3573,0.04811
42,2,Zeros,0.6,gradient_shap,1.0,1.0,0.59,0.27,0.6775,-0.4215,0.002808
42,2,Zeros,0.6,integrated_gradients,1.0,1.0,0.575,0.2708,0.6788,-0.4228,0.003766
42,2,Zeros,0.6,lime,1.0,1.0,0.525,0.2837,0.6871,-0.4312,0.04651
42,2,Zeros,0.6,augmented_occlusion,1.0,1.0,0.565,0.2639,0.6758,-0.4198,-0.003502
42,2,Zeros,0.6,occlusion,1.0,1.0,0.53,0.2778,0.6905,-0.4345,-0.001234
42,2,Zeros,0.6,retain,1.0,1.0,0.645,0.2277,0.6066,-0.3507,0.04379
42,4,Average,0.1,deep_lift,1.0,1.0,0.855,0.08005,0.3888,-0.1302,0.06872
42,4,Average,0.1,dyna_mask,1.0,1.0,0.635,0.1912,0.6114,-0.3529,-0.008203
42,4,Average,0.1,extremal_mask,1.0,1.0,0.5,0.2854,0.8247,-0.5662,-0.1046
42,4,Average,0.1,fit,1.0,1.0,0.935,0.0226,0.2996,-0.04099,0.1439
42,4,Average,0.1,gradient_shap,1.0,1.0,0.85,0.09668,0.4143,-0.1557,0.05174
42,4,Average,0.1,integrated_gradients,1.0,1.0,0.865,0.08532,0.3976,-0.139,0.06255
42,4,Average,0.1,lime,1.0,1.0,0.86,0.08139,0.3854,-0.1268,0.06288
42,4,Average,0.1,augmented_occlusion,1.0,1.0,0.8,0.1028,0.4229,-0.1644,0.04917
42,4,Average,0.1,occlusion,1.0,1.0,0.84,0.1082,0.4333,-0.1748,0.0467
42,4,Average,0.1,retain,1.0,1.0,0.88,0.04968,0.3348,-0.07619,0.1098
42,4,Average,0.2,deep_lift,1.0,1.0,0.78,0.1272,0.4685,-0.2099,0.03497
42,4,Average,0.2,dyna_mask,1.0,1.0,0.52,0.2665,0.8153,-0.5567,-0.04578
42,4,Average,0.2,extremal_mask,1.0,1.0,0.495,0.2911,0.8392,-0.5806,-0.1074
42,4,Average,0.2,fit,1.0,1.0,0.915,0.03855,0.322,-0.06344,0.1222
42,4,Average,0.2,gradient_shap,1.0,1.0,0.775,0.1359,0.487,-0.2284,0.02948
42,4,Average,0.2,integrated_gradients,1.0,1.0,0.775,0.1307,0.4778,-0.2192,0.03472
42,4,Average,0.2,lime,1.0,1.0,0.805,0.1089,0.4398,-0.1812,0.04218
42,4,Average,0.2,augmented_occlusion,1.0,1.0,0.78,0.1269,0.4751,-0.2165,0.03269
42,4,Average,0.2,occlusion,1.0,1.0,0.785,0.1414,0.4919,-0.2334,0.02629
42,4,Average,0.2,retain,1.0,1.0,0.845,0.0803,0.3822,-0.1236,0.07384
42,4,Average,0.3,deep_lift,1.0,1.0,0.77,0.1514,0.5123,-0.2537,0.02167
42,4,Average,0.3,dyna_mask,1.0,1.0,0.5,0.2872,0.9153,-0.6568,-0.05289
42,4,Average,0.3,extremal_mask,1.0,1.0,0.51,0.2894,0.8431,-0.5845,-0.1065
42,4,Average,0.3,fit,1.0,1.0,0.88,0.06433,0.3586,-0.1,0.08978
42,4,Average,0.3,gradient_shap,1.0,1.0,0.745,0.144,0.4997,-0.2411,0.0252
42,4,Average,0.3,integrated_gradients,1.0,1.0,0.78,0.1455,0.5017,-0.2432,0.02608
42,4,Average,0.3,lime,1.0,1.0,0.79,0.1239,0.4663,-0.2077,0.03377
42,4,Average,0.3,augmented_occlusion,1.0,1.0,0.775,0.1329,0.4902,-0.2317,0.03383
42,4,Average,0.3,occlusion,1.0,1.0,0.745,0.1532,0.5129,-0.2543,0.0243
42,4,Average,0.3,retain,1.0,1.0,0.835,0.09636,0.4075,-0.1489,0.05979
42,4,Average,0.4,deep_lift,1.0,1.0,0.76,0.1508,0.512,-0.2535,0.0199
42,4,Average,0.4,dyna_mask,1.0,1.0,0.49,0.2946,0.9659,-0.7073,-0.05597
42,4,Average,0.4,extremal_mask,1.0,1.0,0.53,0.273,0.8049,-0.5463,-0.1007
42,4,Average,0.4,fit,1.0,1.0,0.85,0.0887,0.4024,-0.1438,0.06272
42,4,Average,0.4,gradient_shap,1.0,1.0,0.74,0.1548,0.5209,-0.2623,0.01843
42,4,Average,0.4,integrated_gradients,1.0,1.0,0.77,0.1513,0.5136,-0.255,0.01911
42,4,Average,0.4,lime,1.0,1.0,0.75,0.1348,0.4896,-0.231,0.03157
42,4,Average,0.4,augmented_occlusion,1.0,1.0,0.755,0.1382,0.5008,-0.2422,0.03156
42,4,Average,0.4,occlusion,1.0,1.0,0.74,0.155,0.5196,-0.261,0.01443
42,4,Average,0.4,retain,1.0,1.0,0.81,0.1181,0.445,-0.1864,0.04581
42,4,Average,0.5,deep_lift,1.0,1.0,0.75,0.1539,0.5191,-0.2605,0.01529
42,4,Average,0.5,dyna_mask,1.0,1.0,0.485,0.2989,0.9871,-0.7285,-0.0594
42,4,Average,0.5,extremal_mask,1.0,1.0,0.56,0.2467,0.7427,-0.4841,-0.08683
42,4,Average,0.5,fit,1.0,1.0,0.815,0.1087,0.4384,-0.1798,0.04602
42,4,Average,0.5,gradient_shap,1.0,1.0,0.75,0.1573,0.5299,-0.2713,0.01316
42,4,Average,0.5,integrated_gradients,1.0,1.0,0.75,0.1521,0.5159,-0.2573,0.016
42,4,Average,0.5,lime,1.0,1.0,0.735,0.154,0.5363,-0.2778,0.02952
42,4,Average,0.5,augmented_occlusion,1.0,1.0,0.765,0.1416,0.5066,-0.248,0.0264
42,4,Average,0.5,occlusion,1.0,1.0,0.76,0.1595,0.5271,-0.2686,0.009327
42,4,Average,0.5,retain,1.0,1.0,0.79,0.1384,0.4793,-0.2207,0.02574
42,4,Average,0.6,deep_lift,1.0,1.0,0.74,0.1609,0.5317,-0.2732,0.007083
42,4,Average,0.6,dyna_mask,1.0,1.0,0.49,0.2969,0.9707,-0.7122,-0.06199
42,4,Average,0.6,extremal_mask,1.0,1.0,0.62,0.2153,0.6689,-0.4103,-0.08114
42,4,Average,0.6,fit,1.0,1.0,0.77,0.1263,0.4709,-0.2123,0.03148
42,4,Average,0.6,gradient_shap,1.0,1.0,0.76,0.1568,0.5312,-0.2726,0.00912
42,4,Average,0.6,integrated_gradients,1.0,1.0,0.745,0.1609,0.5356,-0.277,0.006801
42,4,Average,0.6,lime,1.0,1.0,0.705,0.1703,0.5751,-0.3165,0.02582
42,4,Average,0.6,augmented_occlusion,1.0,1.0,0.745,0.1487,0.5183,-0.2598,0.01803
42,4,Average,0.6,occlusion,1.0,1.0,0.73,0.1669,0.5445,-0.2859,-0.0002384
42,4,Average,0.6,retain,1.0,1.0,0.74,0.1529,0.5047,-0.2462,0.01773
42,4,Zeros,0.1,deep_lift,1.0,1.0,0.835,0.1022,0.4208,-0.1622,0.1466
42,4,Zeros,0.1,dyna_mask,1.0,1.0,0.6,0.2424,0.7138,-0.4552,0.01917
42,4,Zeros,0.1,extremal_mask,1.0,1.0,0.315,0.3771,1.015,-0.7561,-0.1179
42,4,Zeros,0.1,fit,1.0,1.0,0.93,0.03688,0.3174,-0.05884,0.2346
42,4,Zeros,0.1,gradient_shap,1.0,1.0,0.82,0.1281,0.4601,-0.2015,0.1208
42,4,Zeros,0.1,integrated_gradients,1.0,1.0,0.84,0.1109,0.4346,-0.176,0.1385
42,4,Zeros,0.1,lime,1.0,1.0,0.86,0.09781,0.4074,-0.1488,0.1429
42,4,Zeros,0.1,augmented_occlusion,1.0,1.0,0.795,0.1354,0.4681,-0.2095,0.1154
42,4,Zeros,0.1,occlusion,1.0,1.0,0.805,0.1414,0.4818,-0.2232,0.1131
42,4,Zeros,0.1,retain,1.0,1.0,0.865,0.06345,0.3589,-0.1003,0.2027
42,4,Zeros,0.2,deep_lift,1.0,1.0,0.785,0.1677,0.5197,-0.2612,0.1041
42,4,Zeros,0.2,dyna_mask,1.0,1.0,0.465,0.3146,0.9194,-0.6609,-0.02219
42,4,Zeros,0.2,extremal_mask,1.0,1.0,0.295,0.3891,1.042,-0.7836,-0.1207
42,4,Zeros,0.2,fit,1.0,1.0,0.915,0.06819,0.3603,-0.1018,0.1879
42,4,Zeros,0.2,gradient_shap,1.0,1.0,0.74,0.1828,0.546,-0.2874,0.09132
42,4,Zeros,0.2,integrated_gradients,1.0,1.0,0.78,0.1724,0.5285,-0.2699,0.1022
42,4,Zeros,0.2,lime,1.0,1.0,0.805,0.1341,0.4697,-0.2112,0.1147
42,4,Zeros,0.2,augmented_occlusion,1.0,1.0,0.735,0.1835,0.5477,-0.2892,0.07946
42,4,Zeros,0.2,occlusion,1.0,1.0,0.745,0.1866,0.5502,-0.2917,0.08215
42,4,Zeros,0.2,retain,1.0,1.0,0.825,0.108,0.4248,-0.1663,0.141
42,4,Zeros,0.3,deep_lift,1.0,1.0,0.74,0.2009,0.5721,-0.3135,0.07999
42,4,Zeros,0.3,dyna_mask,1.0,1.0,0.445,0.3293,0.976,-0.7175,-0.0309
42,4,Zeros,0.3,extremal_mask,1.0,1.0,0.295,0.3893,1.044,-0.7849,-0.1186
42,4,Zeros,0.3,fit,1.0,1.0,0.845,0.1166,0.4343,-0.1757,0.1316
42,4,Zeros,0.3,gradient_shap,1.0,1.0,0.71,0.2021,0.5699,-0.3113,0.07247
42,4,Zeros,0.3,integrated_gradients,1.0,1.0,0.725,0.1985,0.5687,-0.3101,0.08316
42,4,Zeros,0.3,lime,1.0,1.0,0.77,0.1609,0.5117,-0.2532,0.09865
42,4,Zeros,0.3,augmented_occlusion,1.0,1.0,0.725,0.1998,0.5716,-0.3131,0.07739
42,4,Zeros,0.3,occlusion,1.0,1.0,0.695,0.2106,0.5887,-0.3301,0.07244
42,4,Zeros,0.3,retain,1.0,1.0,0.8,0.1414,0.4743,-0.2158,0.1093
42,4,Zeros,0.4,deep_lift,1.0,1.0,0.75,0.2083,0.5746,-0.316,0.06479
42,4,Zeros,0.4,dyna_mask,1.0,1.0,0.45,0.3353,0.9909,-0.7323,-0.03498
42,4,Zeros,0.4,extremal_mask,1.0,1.0,0.31,0.3795,1.005,-0.7468,-0.1126
42,4,Zeros,0.4,fit,1.0,1.0,0.775,0.1583,0.5033,-0.2448,0.09153
42,4,Zeros,0.4,gradient_shap,1.0,1.0,0.705,0.2181,0.5966,-0.338,0.06095
42,4,Zeros,0.4,integrated_gradients,1.0,1.0,0.72,0.213,0.5837,-0.3251,0.06366
42,4,Zeros,0.4,lime,1.0,1.0,0.755,0.1825,0.5403,-0.2817,0.09149
42,4,Zeros,0.4,augmented_occlusion,1.0,1.0,0.685,0.2104,0.5898,-0.3312,0.06925
42,4,Zeros,0.4,occlusion,1.0,1.0,0.69,0.2225,0.6067,-0.3481,0.05706
42,4,Zeros,0.4,retain,1.0,1.0,0.745,0.1715,0.5228,-0.2642,0.08978
42,4,Zeros,0.5,deep_lift,1.0,1.0,0.72,0.2176,0.5856,-0.327,0.05349
42,4,Zeros,0.5,dyna_mask,1.0,1.0,0.44,0.3344,0.9861,-0.7275,-0.04031
42,4,Zeros,0.5,extremal_mask,1.0,1.0,0.38,0.361,0.9266,-0.668,-0.09538
42,4,Zeros,0.5,fit,1.0,1.0,0.73,0.183,0.5424,-0.2838,0.06795
42,4,Zeros,0.5,gradient_shap,1.0,1.0,0.665,0.2332,0.6229,-0.3643,0.05112
42,4,Zeros,0.5,integrated_gradients,1.0,1.0,0.735,0.2163,0.5844,-0.3258,0.05561
42,4,Zeros,0.5,lime,1.0,1.0,0.645,0.241,0.623,-0.3644,0.08491
42,4,Zeros,0.5,augmented_occlusion,1.0,1.0,0.695,0.222,0.6066,-0.3481,0.05802
42,4,Zeros,0.5,occlusion,1.0,1.0,0.66,0.2358,0.6234,-0.3648,0.04505
42,4,Zeros,0.5,retain,1.0,1.0,0.745,0.198,0.5587,-0.3001,0.06462
42,4,Zeros,0.6,deep_lift,1.0,1.0,0.695,0.2389,0.621,-0.3624,0.03545
42,4,Zeros,0.6,dyna_mask,1.0,1.0,0.445,0.3287,0.9459,-0.6873,-0.04487
42,4,Zeros,0.6,extremal_mask,1.0,1.0,0.4,0.328,0.8138,-0.5552,-0.08734
42,4,Zeros,0.6,fit,1.0,1.0,0.705,0.2098,0.5839,-0.3253,0.05007
42,4,Zeros,0.6,gradient_shap,1.0,1.0,0.645,0.2417,0.6337,-0.3751,0.04015
42,4,Zeros,0.6,integrated_gradients,1.0,1.0,0.7,0.2355,0.6141,-0.3556,0.03774
42,4,Zeros,0.6,lime,1.0,1.0,0.595,0.2787,0.6777,-0.4191,0.07077
42,4,Zeros,0.6,augmented_occlusion,1.0,1.0,0.67,0.2344,0.6267,-0.3681,0.04468
42,4,Zeros,0.6,occlusion,1.0,1.0,0.65,0.2509,0.644,-0.3854,0.025
42,4,Zeros,0.6,retain,1.0,1.0,0.7,0.2246,0.6005,-0.3419,0.05106
42,1,Average,0.1,deep_lift,1.0,1.0,0.795,0.1265,0.4701,-0.2025,0.05602
42,1,Average,0.1,dyna_mask,1.0,1.0,0.61,0.2078,0.6827,-0.415,0.004504
42,1,Average,0.1,extremal_mask,1.0,1.0,0.38,0.3409,1.01,-0.742,-0.1213
42,1,Average,0.1,fit,1.0,1.0,0.925,0.02629,0.3179,-0.05024,0.1569
42,1,Average,0.1,gradient_shap,1.0,1.0,0.78,0.13,0.4792,-0.2116,0.05214
42,1,Average,0.1,integrated_gradients,1.0,1.0,0.775,0.1335,0.4857,-0.2181,0.0526
42,1,Average,0.1,lime,1.0,1.0,0.85,0.0859,0.4013,-0.1337,0.0924
42,1,Average,0.1,augmented_occlusion,1.0,1.0,0.79,0.1086,0.45,-0.1823,0.07458
42,1,Average,0.1,occlusion,1.0,1.0,0.77,0.1419,0.4985,-0.2308,0.04856
42,1,Average,0.1,retain,1.0,1.0,0.905,0.02351,0.3102,-0.04256,0.1685
42,1,Average,0.2,deep_lift,1.0,1.0,0.755,0.1674,0.5424,-0.2747,0.02304
42,1,Average,0.2,dyna_mask,1.0,1.0,0.48,0.2812,0.9201,-0.6524,-0.01671
42,1,Average,0.2,extremal_mask,1.0,1.0,0.4,0.3435,1.02,-0.7522,-0.1248
42,1,Average,0.2,fit,1.0,1.0,0.89,0.04062,0.3382,-0.0705,0.1386
42,1,Average,0.2,gradient_shap,1.0,1.0,0.725,0.1764,0.5648,-0.2971,0.01839
42,1,Average,0.2,integrated_gradients,1.0,1.0,0.745,0.1709,0.5473,-0.2796,0.02196
42,1,Average,0.2,lime,1.0,1.0,0.795,0.116,0.4558,-0.1881,0.06622
42,1,Average,0.2,augmented_occlusion,1.0,1.0,0.75,0.1464,0.5128,-0.2451,0.04551
42,1,Average,0.2,occlusion,1.0,1.0,0.745,0.1729,0.5539,-0.2863,0.02228
42,1,Average,0.2,retain,1.0,1.0,0.865,0.0432,0.3437,-0.07606,0.146
42,1,Average,0.3,deep_lift,1.0,1.0,0.69,0.1859,0.5845,-0.3168,0.006864
42,1,Average,0.3,dyna_mask,1.0,1.0,0.41,0.3345,1.107,-0.8391,-0.04091
42,1,Average,0.3,extremal_mask,1.0,1.0,0.38,0.3449,1.034,-0.7661,-0.1259
42,1,Average,0.3,fit,1.0,1.0,0.82,0.08446,0.4274,-0.1597,0.09182
42,1,Average,0.3,gradient_shap,1.0,1.0,0.705,0.1906,0.595,-0.3273,0.005125
42,1,Average,0.3,integrated_gradients,1.0,1.0,0.69,0.1855,0.583,-0.3153,0.007781
42,1,Average,0.3,lime,1.0,1.0,0.765,0.1363,0.4917,-0.224,0.05291
42,1,Average,0.3,augmented_occlusion,1.0,1.0,0.71,0.1719,0.562,-0.2944,0.02889
42,1,Average,0.3,occlusion,1.0,1.0,0.69,0.1912,0.598,-0.3303,0.007143
42,1,Average,0.3,retain,1.0,1.0,0.855,0.06865,0.3879,-0.1203,0.1147
42,1,Average,0.4,deep_lift,1.0,1.0,0.715,0.1931,0.6051,-0.3374,0.0006763
42,1,Average,0.4,dyna_mask,1.0,1.0,0.39,0.3576,1.227,-0.9589,-0.05071
42,1,Average,0.4,extremal_mask,1.0,1.0,0.445,0.3341,0.997,-0.7293,-0.1205
42,1,Average,0.4,fit,1.0,1.0,0.78,0.1187,0.4956,-0.2279,0.05782
42,1,Average,0.4,gradient_shap,1.0,1.0,0.67,0.1921,0.6021,-0.3344,-0.001729
42,1,Average,0.4,integrated_gradients,1.0,1.0,0.69,0.1947,0.6063,-0.3386,-0.001996
42,1,Average,0.4,lime,1.0,1.0,0.78,0.1351,0.4965,-0.2288,0.04872
42,1,Average,0.4,augmented_occlusion,1.0,1.0,0.69,0.1837,0.5948,-0.3272,0.01445
42,1,Average,0.4,occlusion,1.0,1.0,0.695,0.197,0.6162,-0.3485,0.0001565
42,1,Average,0.4,retain,1.0,1.0,0.845,0.09008,0.422,-0.1543,0.08846
42,1,Average,0.5,deep_lift,1.0,1.0,0.71,0.1901,0.5994,-0.3317,-0.002523
42,1,Average,0.5,dyna_mask,1.0,1.0,0.38,0.3728,1.323,-1.055,-0.05433
42,1,Average,0.5,extremal_mask,1.0,1.0,0.475,0.3127,0.949,-0.6813,-0.109
42,1,Average,0.5,fit,1.0,1.0,0.75,0.1343,0.5181,-0.2504,0.04383
42,1,Average,0.5,gradient_shap,1.0,1.0,0.715,0.1911,0.6117,-0.344,-0.004658
42,1,Average,0.5,integrated_gradients,1.0,1.0,0.725,0.1892,0.5974,-0.3298,-0.0007688
42,1,Average,0.5,lime,1.0,1.0,0.745,0.1673,0.5683,-0.3006,0.04435
42,1,Average,0.5,augmented_occlusion,1.0,1.0,0.67,0.1848,0.6045,-0.3368,0.01507
42,1,Average,0.5,occlusion,1.0,1.0,0.685,0.1973,0.621,-0.3533,-0.002022
42,1,Average,0.5,retain,1.0,1.0,0.81,0.1139,0.464,-0.1963,0.0674
42,1,Average,0.6,deep_lift,1.0,1.0,0.69,0.1913,0.6057,-0.3381,-0.002704
42,1,Average,0.6,dyna_mask,1.0,1.0,0.38,0.3598,1.235,-0.9669,-0.05164
42,1,Average,0.6,extremal_mask,1.0,1.0,0.545,0.2586,0.785,-0.5173,-0.09894
42,1,Average,0.6,fit,1.0,1.0,0.735,0.14,0.526,-0.2583,0.03726
42,1,Average,0.6,gradient_shap,1.0,1.0,0.695,0.1899,0.6155,-0.3479,-0.002457
42,1,Average,0.6,integrated_gradients,1.0,1.0,0.68,0.1892,0.6004,-0.3327,-0.002274
42,1,Average,0.6,lime,1.0,1.0,0.705,0.1846,0.6056,-0.3379,0.0415
42,1,Average,0.6,augmented_occlusion,1.0,1.0,0.675,0.1863,0.6118,-0.3442,0.01097
42,1,Average,0.6,occlusion,1.0,1.0,0.675,0.1976,0.6249,-0.3572,-0.001875
42,1,Average,0.6,retain,1.0,1.0,0.765,0.1351,0.4983,-0.2307,0.05152
42,1,Zeros,0.1,deep_lift,1.0,1.0,0.765,0.1437,0.4989,-0.2312,0.1287
42,1,Zeros,0.1,dyna_mask,1.0,1.0,0.515,0.2526,0.7502,-0.4825,0.03016
42,1,Zeros,0.1,extremal_mask,1.0,1.0,0.23,0.419,1.182,-0.9146,-0.1353
42,1,Zeros,0.1,fit,1.0,1.0,0.93,0.03177,0.3189,-0.05118,0.2355
42,1,Zeros,0.1,gradient_shap,1.0,1.0,0.76,0.1466,0.5055,-0.2378,0.1271
42,1,Zeros,0.1,integrated_gradients,1.0,1.0,0.76,0.1501,0.515,-0.2473,0.1284
42,1,Zeros,0.1,lime,1.0,1.0,0.835,0.1007,0.4227,-0.155,0.1629
42,1,Zeros,0.1,augmented_occlusion,1.0,1.0,0.775,0.138,0.4941,-0.2264,0.1298
42,1,Zeros,0.1,occlusion,1.0,1.0,0.68,0.1635,0.5377,-0.27,0.1124
42,1,Zeros,0.1,retain,1.0,1.0,0.91,0.02369,0.3125,-0.04486,0.2405
42,1,Zeros,0.2,deep_lift,1.0,1.0,0.735,0.1929,0.5763,-0.3087,0.07724
42,1,Zeros,0.2,dyna_mask,1.0,1.0,0.42,0.3316,1.026,-0.7587,-0.006079
42,1,Zeros,0.2,extremal_mask,1.0,1.0,0.185,0.4348,1.226,-0.9586,-0.1428
42,1,Zeros,0.2,fit,1.0,1.0,0.89,0.05853,0.3562,-0.08855,0.196
42,1,Zeros,0.2,gradient_shap,1.0,1.0,0.68,0.1994,0.5934,-0.3257,0.07567
42,1,Zeros,0.2,integrated_gradients,1.0,1.0,0.715,0.196,0.5804,-0.3127,0.07579
42,1,Zeros,0.2,lime,1.0,1.0,0.8,0.1334,0.4774,-0.2098,0.1293
42,1,Zeros,0.2,augmented_occlusion,1.0,1.0,0.685,0.1864,0.5762,-0.3085,0.09233
42,1,Zeros,0.2,occlusion,1.0,1.0,0.66,0.201,0.5976,-0.33,0.073
42,1,Zeros,0.2,retain,1.0,1.0,0.865,0.04975,0.3504,-0.08273,0.2081
42,1,Zeros,0.3,deep_lift,1.0,1.0,0.68,0.2199,0.6175,-0.3498,0.05704
42,1,Zeros,0.3,dyna_mask,1.0,1.0,0.35,0.389,1.237,-0.969,-0.03531
42,1,Zeros,0.3,extremal_mask,1.0,1.0,0.155,0.4454,1.255,-0.9878,-0.1441
42,1,Zeros,0.3,fit,1.0,1.0,0.795,0.113,0.448,-0.1803,0.1376
42,1,Zeros,0.3,gradient_shap,1.0,1.0,0.675,0.2178,0.6177,-0.35,0.04932
42,1,Zeros,0.3,integrated_gradients,1.0,1.0,0.695,0.2156,0.6103,-0.3427,0.05749
42,1,Zeros,0.3,lime,1.0,1.0,0.755,0.1555,0.5103,-0.2426,0.1105
42,1,Zeros,0.3,augmented_occlusion,1.0,1.0,0.66,0.2068,0.6058,-0.3381,0.07126
42,1,Zeros,0.3,occlusion,1.0,1.0,0.67,0.2202,0.6327,-0.365,0.05258
42,1,Zeros,0.3,retain,1.0,1.0,0.85,0.08435,0.4029,-0.1352,0.1662
42,1,Zeros,0.4,deep_lift,1.0,1.0,0.64,0.2333,0.6416,-0.374,0.04121
42,1,Zeros,0.4,dyna_mask,1.0,1.0,0.33,0.4134,1.35,-1.082,-0.04885
42,1,Zeros,0.4,extremal_mask,1.0,1.0,0.21,0.4332,1.21,-0.9426,-0.1365
42,1,Zeros,0.4,fit,1.0,1.0,0.715,0.1644,0.536,-0.2684,0.08637
42,1,Zeros,0.4,gradient_shap,1.0,1.0,0.685,0.2208,0.6177,-0.3501,0.03591
42,1,Zeros,0.4,integrated_gradients,1.0,1.0,0.65,0.2324,0.6387,-0.3711,0.0407
42,1,Zeros,0.4,lime,1.0,1.0,0.765,0.1694,0.533,-0.2653,0.1038
42,1,Zeros,0.4,augmented_occlusion,1.0,1.0,0.64,0.2253,0.6388,-0.3711,0.05083
42,1,Zeros,0.4,occlusion,1.0,1.0,0.645,0.2328,0.6477,-0.38,0.03897
42,1,Zeros,0.4,retain,1.0,1.0,0.83,0.1256,0.4655,-0.1978,0.1312
42,1,Zeros,0.5,deep_lift,1.0,1.0,0.67,0.2343,0.63,-0.3623,0.02899
42,1,Zeros,0.5,dyna_mask,1.0,1.0,0.31,0.425,1.4,-1.132,-0.05446
42,1,Zeros,0.5,extremal_mask,1.0,1.0,0.24,0.4175,1.147,-0.8789,-0.123
42,1,Zeros,0.5,fit,1.0,1.0,0.69,0.1921,0.5757,-0.308,0.06816
42,1,Zeros,0.5,gradient_shap,1.0,1.0,0.68,0.2299,0.6297,-0.362,0.02893
42,1,Zeros,0.5,integrated_gradients,1.0,1.0,0.67,0.2314,0.6246,-0.3569,0.03244
42,1,Zeros,0.5,lime,1.0,1.0,0.64,0.2364,0.6303,-0.3626,0.08838
42,1,Zeros,0.5,augmented_occlusion,1.0,1.0,0.64,0.2276,0.6379,-0.3702,0.04437
42,1,Zeros,0.5,occlusion,1.0,1.0,0.62,0.2415,0.6543,-0.3867,0.03092
42,1,Zeros,0.5,retain,1.0,1.0,0.795,0.1595,0.5174,-0.2497,0.09693
42,1,Zeros,0.6,deep_lift,1.0,1.0,0.64,0.2452,0.6443,-0.3766,0.02136
42,1,Zeros,0.6,dyna_mask,1.0,1.0,0.355,0.3968,1.245,-0.9776,-0.04509
42,1,Zeros,0.6,extremal_mask,1.0,1.0,0.26,0.3567,0.9192,-0.6515,-0.1134
42,1,Zeros,0.6,fit,1.0,1.0,0.675,0.2059,0.5953,-0.3277,0.05148
42,1,Zeros,0.6,gradient_shap,1.0,1.0,0.675,0.2391,0.6396,-0.372,0.023
42,1,Zeros,0.6,integrated_gradients,1.0,1.0,0.655,0.243,0.6402,-0.3725,0.02162
42,1,Zeros,0.6,lime,1.0,1.0,0.595,0.2693,0.6753,-0.4076,0.07155
42,1,Zeros,0.6,augmented_occlusion,1.0,1.0,0.625,0.2432,0.658,-0.3903,0.03294
42,1,Zeros,0.6,occlusion,1.0,1.0,0.63,0.2544,0.6691,-0.4014,0.02285
42,1,Zeros,0.6,retain,1.0,1.0,0.7,0.1928,0.5697,-0.3021,0.0786
